#name,filt-ident,dom-fps,dom-tps
crh,30,0.0058270502,0.8683158025
crh,60,0.0026788658,0.9473289843
crh,100,0.0002289377,0.9929846863
df3,30,0.005832866,0.8574055299
df3,60,0.0027757094,0.9315880956
df3,100,0.000673864,0.9802125525
Crh-greedy-1/0,30,0.005329403,0.8364580784
Crh-greedy-1/0,60,0.0038448804,0.9115338983
Crh-greedy-1/0,100,0.0018306069,0.9598593143
Crh-greedy,30,0.0058842774,0.8469129145
Crh-greedy,60,0.0038458354,0.9203924794
Crh-greedy,100,0.0017236497,0.9630216401
